MQ-5,MQ-135,MQ-2,MQ-3,DHT-11,TD,SCENARIO
0.26,4.19,3.43,0.00,30.70,0.00,Background
0.25,4.19,3.36,0.00,30.70,0.00,Background
0.24,4.19,3.36,0.00,30.70,0.00,Background
0.23,4.19,3.36,0.00,30.70,0.00,Background
0.23,4.14,3.36,0.00,30.70,0.00,Background
0.23,4.14,3.28,0.00,30.70,0.00,Background
0.23,4.14,3.28,0.00,30.80,0.10,Background
0.21,4.14,3.28,0.00,30.80,0.10,Background
0.21,4.11,3.28,0.00,30.80,0.10,Background
0.21,4.11,3.28,0.00,30.90,0.20,Background
0.21,3.09,3.28,0.00,30.90,0.30,Background
0.21,3.09,3.28,0.00,31.00,0.30,Background
0.21,3.09,3.21,0.00,31.00,0.30,Background
0.21,3.09,3.14,0.00,31.00,0.30,Background
0.20,3.09,3.14,0.00,31.00,0.30,Background
0.20,4.04,3.14,0.00,31.00,0.30,Background
0.20,4.04,3.14,0.00,31.10,0.40,Background
0.20,4.04,3.58,0.00,31.10,0.40,Background
0.20,4.30,3.58,0.00,31.10,0.40,Background
0.20,4.30,3.58,0.00,31.40,0.70,Background
0.20,4.30,3.58,0.02,31.40,0.70,Background
0.20,4.30,3.52,0.02,31.40,0.70,Background
0.20,4.22,3.52,0.02,31.40,0.70,Background
0.18,4.22,3.52,0.02,31.40,0.70,Background
0.19,4.22,3.52,0.02,31.40,0.70,Background
0.19,4.06,3.52,0.02,31.40,0.70,Background
0.17,4.06,3.52,0.00,31.40,0.70,Background
0.17,4.06,3.37,0.00,31.40,0.70,Background
0.17,4.06,3.37,0.00,31.40,0.70,Background
0.16,4.06,3.37,0.00,31.40,0.70,Background
0.16,3.96,3.37,0.00,31.40,0.70,Background
0.16,3.96,3.29,0.00,31.40,0.70,Background
0.16,3.93,3.29,0.00,31.40,0.70,Background
0.16,3.93,3.29,0.00,31.30,0.60,Background
0.16,3.88,3.29,0.00,31.30,0.60,Background
0.16,3.86,3.29,0.00,31.30,0.60,Background
0.16,3.86,3.01,0.00,31.30,0.60,Background
0.16,3.86,3.15,0.00,31.30,0.60,Background
0.16,3.86,3.07,0.00,31.30,0.60,Background
0.17,3.86,3.07,0.00,31.30,0.60,Background
0.17,3.81,3.07,0.00,31.30,0.60,Background
0.17,3.81,3.00,0.00,31.30,0.60,Background
0.17,3.81,3.00,0.00,31.40,0.70,Background
0.17,3.76,3.00,0.00,31.40,0.70,Background
0.15,3.76,3.00,0.00,31.40,0.70,Background
0.15,3.74,3.00,0.00,31.40,0.70,Background
0.16,3.74,3.00,0.00,31.40,0.70,Background
0.16,3.76,3.00,0.00,31.40,0.70,Background
0.16,3.71,3.00,0.00,31.40,0.70,Background
0.16,3.71,3.00,0.00,31.50,0.80,Background
0.16,3.71,3.58,0.00,31.50,0.80,Background
0.16,4.27,3.58,0.00,31.50,0.80,Background
0.16,4.25,3.58,0.00,31.50,0.80,Background
0.16,4.30,3.58,0.00,31.50,0.80,Background
0.15,4.30,3.58,0.00,31.50,0.80,Background
0.15,4.25,3.58,0.00,31.50,0.80,Background
0.15,4.25,3.41,0.00,31.50,0.80,Background
0.15,4.25,3.41,0.00,31.60,0.90,Background
0.15,4.22,3.41,0.00,31.60,0.90,Background
0.15,4.22,3.49,0.00,31.60,0.90,Background
0.15,4.19,3.49,0.00,31.60,0.90,Background
0.15,4.11,3.49,0.00,31.60,0.90,Background
0.15,4.11,3.41,0.00,31.60,0.90,Background
0.15,4.11,3.41,0.00,31.70,1.00,Background
0.16,4.11,3.41,0.00,31.70,1.00,Background
0.16,4.31,3.41,0.00,31.70,1.00,Background
0.16,4.31,3.58,0.00,31.70,1.00,Background
0.16,4.31,3.58,0.00,31.60,0.90,Background
0.20,4.31,3.58,0.00,31.60,0.90,Background
0.20,1.95,3.58,0.00,31.60,0.90,Background
0.20,1.95,2.14,0.00,31.60,0.90,Background
0.20,1.95,2.14,0.00,30.40,0.00,Background
0.19,1.95,2.14,0.00,30.40,0.00,Background
0.19,1.92,2.14,0.00,30.40,0.00,Background
0.19,1.92,2.04,0.00,30.40,0.00,Background
0.19,1.92,2.09,0.00,30.40,0.00,Background
0.19,1.92,2.09,0.00,30.50,0.10,Background
0.18,1.92,2.09,0.00,30.50,0.10,Background
0.18,1.93,2.09,0.00,30.50,0.10,Background
0.17,1.93,2.09,0.00,30.50,0.10,Background
0.16,1.93,2.09,0.00,30.50,0.10,Background
0.16,4.25,2.09,0.00,30.50,0.10,Background
0.16,4.25,3.58,0.00,30.50,0.10,Background
0.16,4.25,3.58,0.00,30.60,0.20,Background
0.16,4.27,3.58,0.00,30.60,0.20,Background
0.16,4.27,3.58,0.00,30.70,0.30,Background
0.16,4.19,3.58,0.00,30.70,0.30,Background
0.16,4.22,3.58,0.00,30.70,0.30,Background
0.15,4.22,3.58,0.00,30.70,0.30,Background
0.15,4.22,3.49,0.00,30.70,0.30,Background
0.15,4.22,3.41,0.00,30.70,0.30,Background
0.15,4.19,3.41,0.00,30.70,0.30,Background
0.15,4.19,3.41,0.00,30.80,0.40,Background
0.15,4.13,3.41,0.00,30.80,0.40,Background
0.15,4.13,3.41,0.00,30.90,0.50,Background
0.15,4.16,3.41,0.00,30.90,0.50,Background
0.14,4.16,3.41,0.00,30.90,0.50,Background
0.14,4.23,3.41,0.00,30.90,0.50,Background
0.14,4.20,3.41,0.00,30.90,0.50,Background
0.14,4.20,3.58,0.00,30.90,0.50,Background
0.14,4.20,3.58,0.00,31.00,0.60,Background
0.14,4.29,3.58,0.00,31.00,0.60,Background
0.14,4.32,3.58,0.00,31.00,0.60,Background
0.14,4.26,3.58,0.00,31.00,0.60,Background
0.14,4.26,3.58,0.01,31.00,0.60,Background
0.14,4.26,3.58,0.01,31.00,0.60,Background
0.14,4.26,3.58,0.01,31.00,0.60,Background
0.14,4.26,3.58,0.01,31.00,0.60,Background
0.14,4.26,3.58,0.01,31.00,0.60,Background
0.14,4.26,3.58,0.01,31.00,0.60,Background
0.14,4.26,3.58,0.01,31.00,0.60,Background
0.14,4.26,3.58,0.01,31.00,0.60,Background
0.14,4.26,3.58,0.01,31.00,0.60,Background
0.14,4.26,3.58,0.01,31.00,0.60,Background
0.14,4.26,3.58,0.01,31.00,0.60,Background
0.14,4.26,3.58,0.01,31.00,0.60,Background
0.14,4.26,3.58,0.01,31.00,0.60,Background
0.14,4.26,3.58,0.01,31.00,0.60,Background
0.14,4.26,3.58,0.01,31.00,0.60,Background
0.14,4.26,3.58,0.01,31.00,0.60,Background
0.14,4.26,3.58,0.01,31.00,0.60,Background
0.14,4.26,3.58,0.01,31.00,0.60,Background
0.14,4.26,3.58,0.01,31.00,0.60,Background
0.14,4.23,3.58,0.03,30.90,0.50,Background
0.14,4.23,3.58,0.03,30.90,0.50,Background
0.14,4.23,3.58,0.03,30.90,0.50,Background
0.14,4.23,3.58,0.03,30.90,0.50,Background
0.14,4.23,3.58,0.03,30.90,0.50,Background
0.14,4.23,3.58,0.03,30.90,0.50,Background
0.14,4.23,3.58,0.03,30.90,0.50,Background
0.14,4.23,3.58,0.03,30.90,0.50,Background
0.14,4.23,3.58,0.03,30.90,0.50,Background
0.14,4.23,3.58,0.03,30.90,0.50,Background
0.14,4.23,3.58,0.03,30.90,0.50,Background
0.16,4.23,3.58,0.03,30.90,0.50,Background
0.16,4.23,3.58,0.03,30.90,0.50,Background
0.16,4.23,3.58,0.01,30.90,0.50,Background
0.16,4.23,3.60,0.01,30.80,0.40,Background
0.16,4.23,3.60,0.01,30.80,0.40,Background
0.16,4.23,3.60,0.01,30.80,0.40,Background
0.16,4.23,3.60,0.00,30.80,0.40,Background
0.16,4.23,3.60,0.00,30.80,0.40,Background
0.16,3.92,3.60,0.00,30.80,0.40,Background
0.16,3.92,3.60,0.00,30.80,0.40,Background
0.19,3.92,3.60,0.00,31.00,0.60,Background
0.19,3.92,3.60,0.00,31.00,0.60,Background
0.19,3.92,3.60,0.00,31.00,0.60,Background
0.19,4.04,3.60,0.00,31.00,0.60,Background
0.19,4.04,3.60,0.00,31.00,0.60,Background
0.19,4.04,3.58,0.00,31.00,0.60,Background
0.19,4.29,3.58,0.00,31.00,0.60,Background
0.19,4.32,3.58,0.00,31.00,0.60,Background
0.19,4.26,3.58,0.00,31.00,0.60,Background
0.19,4.26,3.58,0.00,28.90,0.00,Background
0.19,4.24,3.58,0.00,28.90,0.00,Background
0.19,4.21,3.58,0.00,30.30,0.40,Background
0.19,4.16,3.58,0.00,30.30,0.40,Background
0.19,4.18,3.58,0.00,30.30,0.40,Background
0.19,4.18,3.19,0.00,30.30,0.40,Background
0.19,4.18,3.19,0.00,30.50,0.60,Background
0.19,4.05,3.19,0.00,30.50,0.60,Background
0.19,4.03,3.19,0.00,30.50,0.60,Background
0.19,4.03,3.00,0.00,30.50,0.60,Background
0.19,4.03,2.94,0.00,30.50,0.60,Background
0.19,3.98,2.94,0.00,30.50,0.60,Background
0.19,3.98,2.83,0.00,30.50,0.60,Background
0.19,3.88,2.83,0.00,30.50,0.60,Background
0.19,3.88,2.83,0.00,30.80,0.90,Background
0.19,3.88,2.77,0.00,30.80,0.90,Background
0.19,3.88,2.71,0.00,30.80,0.90,Background
0.19,3.83,2.71,0.00,30.80,0.90,Background
0.19,3.83,2.71,0.00,30.90,1.00,Background
0.19,3.78,2.71,0.00,30.90,1.00,Background
0.19,3.78,2.60,0.00,30.90,1.00,Background
0.19,3.71,2.60,0.00,30.90,1.00,Background
0.19,3.71,2.60,0.00,31.00,1.10,Background
0.19,3.66,2.60,0.00,31.00,1.10,Background
0.19,3.66,2.54,0.00,31.00,1.10,Background
0.19,3.66,2.49,0.00,31.00,1.10,Background
0.19,3.64,2.49,0.00,31.00,1.10,Background
0.37,3.64,2.49,0.00,31.00,1.10,Background
0.36,3.64,2.49,0.00,31.00,1.10,Background
0.36,4.30,2.49,0.00,31.00,1.10,Background
0.36,4.30,3.55,0.00,31.00,1.10,Background
0.34,4.30,3.55,0.00,31.00,1.10,Background
0.34,4.27,3.55,0.00,31.00,1.10,Background
0.34,4.25,3.55,0.00,31.00,1.10,Background
0.33,4.25,3.55,0.00,31.00,1.10,Background
0.33,4.25,3.48,0.00,31.00,1.10,Background
0.33,4.22,3.48,0.00,31.00,1.10,Background
0.31,4.22,3.48,0.00,31.00,1.10,Background
0.31,4.17,3.48,0.00,31.00,1.10,Background
0.31,4.17,3.40,0.00,31.00,1.10,Background
0.31,4.14,3.40,0.00,31.00,1.10,Background
0.31,4.14,3.58,0.00,31.00,1.10,Background
0.31,4.28,3.58,0.00,31.00,1.10,Background
0.29,4.28,3.58,0.00,31.00,1.10,Background
0.29,4.25,3.58,0.00,31.00,1.10,Background
0.29,4.25,3.58,0.00,30.90,1.00,Background
0.28,4.25,3.58,0.00,30.90,1.00,Background
0.28,4.29,3.58,0.00,30.90,1.00,Background
0.28,4.29,3.42,0.00,30.90,1.00,Background
0.28,4.29,3.50,0.00,30.90,1.00,Background
0.27,4.29,3.50,0.00,30.90,1.00,Background
0.27,4.29,3.50,0.00,30.80,0.90,Background
0.27,4.26,3.50,0.00,30.80,0.90,Background
0.27,3.51,3.50,0.00,30.80,0.90,Background
0.27,3.51,1.39,0.00,29.80,0.00,Background
0.27,3.46,1.39,0.00,29.80,0.00,Background
0.27,3.46,1.37,0.00,29.80,0.00,Background
0.27,3.46,1.34,0.00,29.80,0.00,Background
0.22,3.46,1.34,0.00,29.80,0.00,Background
0.22,3.46,1.29,0.00,29.80,0.00,Background
0.20,3.46,1.29,0.00,29.80,0.00,Background
0.20,3.32,1.29,0.00,29.80,0.00,Background
0.20,3.32,1.19,0.00,29.80,0.00,Background
0.19,3.32,1.19,0.00,29.80,0.00,Background
0.19,3.28,1.19,0.00,29.80,0.00,Background
0.19,3.28,1.14,0.00,29.80,0.00,Background
0.19,3.28,1.10,0.00,29.80,0.00,Background
0.19,3.28,1.12,0.00,29.80,0.00,Background
0.16,3.28,1.12,0.00,29.80,0.00,Background
0.16,3.24,1.12,0.00,29.80,0.00,Background
0.16,3.24,1.10,0.00,29.80,0.00,Background
0.16,3.24,1.07,0.00,29.80,0.00,Background
0.16,3.19,1.07,0.00,29.80,0.00,Background
0.16,3.21,1.07,0.00,29.80,0.00,Background
0.15,3.21,1.07,0.00,29.80,0.00,Background
0.15,3.21,1.05,0.00,29.80,0.00,Background
0.14,3.21,1.05,0.00,29.80,0.00,Background
0.14,3.21,1.01,0.00,29.80,0.00,Background
0.14,3.15,1.01,0.00,29.80,0.00,Background
0.14,3.15,1.01,0.00,29.90,0.10,Background
0.14,3.15,0.98,0.00,29.90,0.10,Background
0.13,3.15,0.98,0.00,29.90,0.10,Background
0.13,3.13,0.98,0.00,29.90,0.10,Background
0.13,3.13,0.96,0.00,29.90,0.10,Background
0.13,3.11,0.96,0.00,29.90,0.10,Background
0.13,3.11,3.54,0.00,29.90,0.10,Background
0.12,3.11,3.54,0.00,29.90,0.10,Background
0.12,3.11,3.46,0.00,29.90,0.10,Background
0.12,4.26,3.46,0.00,29.90,0.10,Background
0.12,4.29,3.46,0.00,29.90,0.10,Background
0.07,5.96,5.20,0.00,33.40,0.00,Paper
0.30,6.00,5.20,0.00,33.40,0.00,Paper
0.30,6.00,5.34,0.00,33.40,0.00,Paper
0.30,6.00,5.10,0.00,33.40,0.00,Paper
0.30,5.93,5.10,0.00,33.40,0.00,Paper
0.30,5.93,4.98,0.00,33.40,0.00,Paper
0.30,5.78,4.98,0.00,33.40,0.00,Paper
0.30,5.78,4.86,0.00,33.60,0.20,Paper
0.30,5.78,4.75,0.00,33.60,0.20,Paper
0.30,5.78,4.63,0.00,33.60,0.20,Paper
0.30,5.74,4.63,0.00,33.60,0.20,Paper
0.30,5.73,4.63,0.00,33.60,0.20,Paper
0.33,5.73,4.63,0.00,33.60,0.20,Paper
0.33,6.28,4.63,0.00,33.60,0.20,Paper
0.33,6.18,4.63,0.00,33.60,0.20,Paper
0.33,6.18,5.10,0.00,33.70,0.30,Paper
0.33,6.18,5.10,0.00,33.80,0.40,Paper
0.33,6.14,5.10,0.00,33.80,0.40,Paper
0.19,6.14,5.10,0.00,33.80,0.40,Paper
0.19,6.09,5.10,0.00,33.80,0.40,Paper
0.19,6.09,5.22,0.00,33.80,0.40,Paper
0.19,6.09,5.46,0.00,33.80,0.40,Paper
0.19,6.09,6.65,0.00,33.80,0.40,Paper
0.19,6.09,6.79,0.00,33.80,0.40,Paper
0.19,6.18,6.79,0.00,33.90,0.50,Paper
0.19,6.28,6.79,0.00,33.90,0.50,Paper
0.19,6.37,6.79,0.00,33.90,0.50,Paper
0.19,6.37,6.10,0.00,33.90,0.50,Paper
0.19,6.75,6.10,0.00,33.90,0.50,Paper
0.21,6.75,6.10,0.00,33.90,0.50,Paper
0.21,6.75,7.22,0.00,33.90,0.50,Paper
0.21,6.65,7.22,0.00,33.90,0.50,Paper
0.21,6.65,8.45,0.00,33.90,0.50,Paper
0.21,6.65,8.13,0.00,33.90,0.50,Paper
0.21,6.65,7.82,0.00,33.90,0.50,Paper
0.21,6.65,7.52,0.00,33.90,0.50,Paper
0.21,6.56,7.52,0.00,34.40,1.00,Paper
0.92,6.56,7.52,0.00,34.40,1.00,Paper
0.63,6.56,7.52,0.00,34.40,1.00,Paper
0.55,6.56,7.52,0.00,34.40,1.00,Paper
0.44,6.56,7.52,0.00,34.40,1.00,Paper
0.44,6.70,7.52,0.00,34.40,1.00,Paper
0.44,6.70,7.67,0.00,34.50,1.10,Paper
0.48,6.70,7.67,0.00,34.50,1.10,Paper
0.99,6.70,7.67,0.00,34.50,1.10,Paper
1.09,6.70,7.67,0.00,34.50,1.10,Paper
1.09,6.70,7.82,0.00,34.60,1.20,Paper
1.09,6.70,7.67,0.00,34.70,1.30,Paper
1.09,6.85,7.67,0.00,34.70,1.30,Paper
1.09,6.95,7.67,0.00,34.70,1.30,Paper
1.09,6.95,8.45,0.00,34.70,1.30,Paper
1.09,6.95,8.61,0.00,34.70,1.30,Paper
0.69,6.95,8.61,0.00,34.70,1.30,Paper
0.69,7.10,8.61,0.00,35.00,1.60,Paper
0.69,7.15,8.61,0.00,35.00,1.60,Paper
0.69,7.15,8.13,0.00,35.00,1.60,Paper
0.69,7.15,7.82,0.00,35.00,1.60,Paper
0.69,7.15,7.82,0.00,35.00,1.60,Paper
0.41,7.15,7.82,0.00,35.10,1.70,Paper
0.41,7.10,7.82,0.00,35.20,1.80,Paper
0.41,7.10,7.52,0.00,35.20,1.80,Paper
2.21,5.16,3.86,0.00,27.90,0.00,Paper
9.32,6.13,5.85,0.00,27.90,0.00,Paper
18.62,6.54,6.04,0.00,28.00,0.10,Paper
9.98,6.40,6.04,0.00,28.00,0.10,Paper
8.90,6.40,6.04,0.00,28.00,0.10,Paper
8.90,6.40,6.83,0.00,28.00,0.10,Paper
31.19,6.40,6.83,0.00,28.00,0.10,Paper
31.19,7.97,6.83,0.00,28.00,0.10,Paper
31.19,7.97,8.84,0.00,28.00,0.10,Paper
16.51,7.97,8.84,0.00,28.00,0.10,Paper
16.51,7.65,8.84,0.00,28.00,0.10,Paper
16.51,7.65,7.25,0.00,28.00,0.10,Paper
8.64,7.65,7.25,0.00,28.00,0.10,Paper
8.64,7.20,7.25,0.00,28.00,0.10,Paper
8.64,7.20,6.43,0.00,28.00,0.10,Paper
5.27,7.20,6.43,0.00,28.00,0.10,Paper
5.27,6.81,6.43,0.00,28.00,0.10,Paper
5.27,6.81,5.94,0.00,28.00,0.10,Paper
3.68,6.81,5.94,0.00,28.00,0.10,Paper
3.68,6.49,5.94,0.00,28.00,0.10,Paper
3.68,6.49,5.67,0.00,28.00,0.30,Paper
3.68,6.49,5.67,0.00,28.20,0.30,Paper
2.72,6.49,5.67,0.00,28.20,0.30,Paper
2.72,6.27,5.67,0.00,28.20,0.30,Paper
2.72,6.27,5.31,0.00,28.20,0.30,Paper
2.06,6.27,5.31,0.00,28.20,0.30,Paper
2.06,6.09,5.31,0.00,28.20,0.30,Paper
2.06,6.09,5.05,0.00,28.20,0.30,Paper
4.57,7.05,5.94,0.00,28.20,0.30,Paper
4.91,7.05,5.94,0.00,28.20,0.30,Paper
4.91,6.96,5.94,0.00,28.20,0.30,Paper
4.91,6.96,5.48,0.00,28.20,0.30,Paper
4.91,6.96,5.48,0.00,28.30,0.40,Paper
3.28,6.86,5.48,0.00,28.30,0.40,Paper
3.28,6.86,5.48,0.00,28.30,0.40,Paper
3.28,6.86,5.48,0.00,28.30,0.40,Paper
3.60,6.86,5.48,0.00,28.30,0.40,Paper
3.60,7.15,5.48,0.00,28.30,0.40,Paper
3.60,7.15,5.31,0.00,28.30,0.40,Paper
3.33,7.15,5.31,0.00,28.30,0.40,Paper
3.33,7.35,5.31,0.00,28.30,0.40,Paper
3.33,7.35,5.13,0.00,28.30,0.40,Paper
2.68,7.35,5.13,0.00,28.40,0.50,Paper
2.68,7.05,5.13,0.00,28.40,0.50,Paper
2.68,7.05,4.96,0.00,28.40,0.50,Paper
1.69,6.58,4.63,0.00,28.40,0.50,Paper
1.31,6.58,4.63,0.00,28.40,0.50,Paper
1.31,6.31,4.63,0.00,28.40,0.50,Paper
1.31,6.31,4.47,0.00,28.40,0.50,Paper
1.93,6.58,4.55,0.00,28.40,0.50,Paper
2.37,6.58,4.55,0.00,28.40,0.50,Paper
2.37,6.63,4.55,0.00,28.40,0.50,Paper
3.48,6.63,4.55,0.00,28.40,0.50,Paper
3.48,6.72,4.55,0.00,28.40,0.50,Paper
3.48,6.72,4.37,0.00,28.40,0.50,Paper
3.48,6.72,4.37,0.00,28.50,0.60,Paper
5.37,7.00,5.12,0.00,28.50,0.60,Paper
6.17,7.00,5.12,0.00,28.50,0.60,Paper
6.17,7.05,5.12,0.00,28.50,0.60,Paper
6.17,7.05,4.83,0.00,28.50,0.60,Paper
6.56,7.05,4.83,0.00,28.50,0.60,Paper
6.56,7.05,4.91,0.00,28.50,0.60,Paper
9.59,7.05,4.91,0.00,28.50,0.60,Paper
9.59,7.76,5.86,0.00,28.50,0.60,Paper
12.07,7.76,5.86,0.00,28.50,0.60,Paper
12.07,7.76,5.64,0.00,28.70,0.80,Paper
15.57,7.76,5.64,0.00,28.70,0.80,Paper
15.57,7.76,5.87,0.00,28.70,0.80,Paper
14.14,7.76,5.87,0.00,28.70,0.80,Paper
14.14,7.65,5.87,0.00,28.70,0.80,Paper
14.14,7.65,6.08,0.00,28.80,0.90,Paper
12.41,7.65,6.08,0.00,28.80,0.90,Paper
12.41,7.71,6.08,0.00,28.80,0.90,Paper
7.32,7.71,6.08,0.00,28.90,1.00,Paper
7.32,7.25,6.08,0.00,28.90,1.00,Paper
7.32,7.25,5.64,0.00,28.90,1.00,Paper
7.32,7.25,5.64,0.00,28.90,1.00,Paper
4.84,7.25,5.64,0.00,29.00,1.10,Paper
4.84,6.96,5.64,0.00,29.00,1.10,Paper
4.84,6.96,5.43,0.00,29.10,1.20,Paper
3.43,6.96,5.43,0.00,29.10,1.20,Paper
3.43,6.67,5.43,0.00,29.10,1.20,Paper
3.43,6.67,5.26,0.00,29.10,1.20,Paper
2.52,6.40,5.26,0.00,29.40,1.60,Paper
2.21,6.40,5.26,0.00,29.40,1.60,Paper
2.21,6.86,5.22,0.00,29.70,1.90,Paper
3.35,6.86,5.22,0.00,29.70,1.90,Paper
3.35,6.81,5.22,0.00,29.70,1.90,Paper
3.35,6.81,4.96,0.00,30.00,2.20,Paper
2.26,6.54,4.96,0.00,30.00,2.20,Paper
2.26,6.54,4.79,0.00,30.00,2.20,Paper
1.32,6.54,4.79,0.00,30.00,2.20,Paper
1.32,6.05,4.79,0.00,30.00,2.20,Paper
1.32,6.05,4.31,0.00,30.20,2.40,Paper
1.08,6.05,4.31,0.00,30.20,2.40,Paper
1.08,5.92,4.31,0.00,30.20,2.40,Paper
1.08,5.92,4.16,0.00,30.20,2.40,Paper
1.08,5.63,4.16,0.00,30.20,2.40,Paper
1.56,5.63,4.16,0.00,30.20,2.40,Paper
1.56,5.63,4.01,0.00,30.20,2.40,Paper
1.56,5.63,4.01,0.00,30.40,2.60,Paper
17.22,5.63,4.01,0.00,30.40,2.60,Paper
17.22,8.35,4.01,0.00,30.40,2.60,Paper
17.22,8.35,8.97,0.00,30.30,2.50,Paper
41.41,8.35,8.97,0.00,30.30,2.50,Paper
41.41,9.21,8.97,0.00,30.30,2.50,Paper
41.41,9.21,13.43,0.00,30.30,2.50,Paper
120.12,12.09,13.43,0.00,30.20,2.40,Paper
120.12,12.09,18.14,0.00,30.20,2.40,Paper
107.63,12.09,18.14,0.00,30.20,2.40,Paper
107.63,13.09,18.14,0.00,30.20,2.40,Paper
107.63,13.09,21.16,0.01,30.20,2.40,Paper
97.38,13.09,21.16,0.01,30.20,2.40,Paper
97.38,14.67,21.16,0.01,30.20,2.40,Paper
97.38,14.67,24.27,0.01,30.20,2.40,Paper
215.07,14.67,24.27,0.01,30.20,2.40,Paper
215.07,15.66,24.27,0.01,30.20,2.40,Paper
215.07,15.66,28.44,0.01,30.20,2.40,Paper
258.65,15.66,28.44,0.01,30.20,2.40,Paper
258.65,18.21,28.44,0.01,30.20,2.40,Paper
258.65,18.21,29.48,0.01,30.20,2.40,Paper
542.08,18.21,29.48,0.02,30.20,2.40,Paper
542.08,22.56,29.48,0.02,30.20,2.40,Paper
542.08,22.56,44.51,0.02,30.20,2.40,Paper
1034.70,22.56,44.51,0.02,30.30,2.50,Paper
1034.70,22.81,44.51,0.02,30.30,2.50,Paper
1034.70,22.81,45.94,0.02,30.30,2.50,Paper
867.50,22.81,45.94,0.02,30.30,2.50,Paper
867.50,23.45,45.94,0.02,30.30,2.50,Paper
867.50,23.45,44.87,0.02,30.30,2.50,Paper
1157.96,23.45,44.87,0.02,30.30,2.50,Paper
1157.96,22.93,44.87,0.02,30.30,2.50,Paper
1157.96,22.93,56.79,0.02,30.30,2.50,Paper
888.53,22.93,56.79,0.02,30.50,2.70,Paper
888.53,22.81,56.79,0.02,30.50,2.70,Paper
888.53,22.81,50.39,0.02,30.50,2.70,Paper
1532.23,22.81,50.39,0.03,30.50,2.70,Paper
1532.23,22.81,47.39,0.03,30.50,2.70,Paper
991.05,22.81,47.39,0.03,30.50,2.70,Paper
991.05,21.45,47.39,0.03,30.50,2.70,Paper
991.05,21.45,39.14,0.03,30.50,2.70,Paper
420.27,19.17,30.02,0.03,30.60,2.80,Paper
200.71,19.17,30.02,0.03,30.60,2.80,Paper
200.71,16.12,30.02,0.03,30.60,2.80,Paper
200.71,16.12,23.13,0.02,30.60,2.80,Paper
91.98,13.57,19.32,0.01,30.60,2.80,Paper
51.19,13.57,19.32,0.01,30.60,2.80,Paper
51.19,11.94,19.32,0.01,30.60,2.80,Paper
51.19,11.94,16.64,0.01,30.80,3.00,Paper
31.81,11.94,16.64,0.01,30.80,3.00,Paper
31.81,10.74,16.64,0.01,30.80,3.00,Paper
31.81,10.74,14.54,0.01,30.80,3.00,Paper
21.08,10.74,14.54,0.01,30.80,3.00,Paper
21.08,9.83,14.54,0.01,30.80,3.00,Paper
21.08,9.83,13.27,0.01,30.80,3.00,Paper
14.60,9.21,12.00,0.01,30.90,3.10,Paper
10.50,8.63,11.19,0.01,30.90,3.10,Paper
7.96,8.18,10.64,0.00,30.90,3.10,Paper
6.32,7.76,9.85,0.00,30.90,3.10,Paper
5.00,7.50,9.85,0.00,30.90,3.10,Paper
5.00,7.50,9.34,0.00,30.90,3.10,Paper
4.07,7.50,9.34,0.00,30.90,3.10,Paper
4.07,7.25,8.97,0.00,30.90,3.10,Paper
9.37,7.25,8.97,0.00,30.90,3.10,Paper
9.37,10.02,13.75,0.01,30.90,3.10,Paper
119.55,10.02,13.75,0.01,30.90,3.10,Paper
119.55,12.54,13.75,0.01,30.90,3.10,Paper
119.55,12.54,21.59,0.02,30.90,3.10,Paper
507.52,15.02,26.18,0.04,30.80,3.00,Paper
1202.92,17.19,32.56,0.05,30.80,3.00,Paper
1274.40,17.19,32.56,0.05,30.80,3.00,Paper
1274.40,19.06,32.56,0.07,30.80,3.00,Paper
450.51,16.22,22.68,0.05,30.80,3.00,Paper
212.95,14.48,20.95,0.05,30.80,3.00,Paper
273.40,14.48,20.95,0.05,30.80,3.00,Paper
273.40,13.82,19.71,0.03,30.80,3.00,Paper
101.64,12.24,16.28,0.03,30.70,2.90,Paper
7.59,4.99,6.77,0.00,33.80,0.00,Paper
9.92,5.10,8.71,0.00,33.80,0.00,Paper
19.77,5.26,9.71,0.00,33.80,0.00,Paper
30.58,5.67,10.99,0.00,33.80,0.00,Paper
22.29,6.28,10.78,0.00,33.80,0.00,Paper
15.57,6.19,10.19,0.00,33.80,0.00,Paper
10.50,6.10,9.43,0.00,33.80,0.00,Paper
8.79,5.97,10.38,0.00,33.80,0.00,Paper
9.21,5.80,11.40,0.00,33.80,0.00,Paper
9.48,5.71,11.82,0.00,33.80,0.00,Paper
8.69,5.67,11.61,0.00,33.80,0.00,Paper
8.01,5.59,11.40,0.00,33.80,0.00,Paper
7.63,5.59,11.19,0.00,33.80,0.00,Paper
6.98,5.75,10.78,0.00,33.80,0.00,Paper
6.09,5.84,10.58,0.00,33.80,0.00,Paper
6.21,5.84,10.58,0.00,33.80,0.00,Paper
8.29,5.88,11.30,0.00,33.80,0.00,Paper
16.08,6.24,13.51,0.00,33.90,0.10,Paper
21.40,6.75,13.87,0.00,33.90,0.10,Paper
18.62,7.19,13.87,0.00,33.90,0.10,Paper
31.50,7.71,15.36,0.00,33.90,0.10,Paper
32.45,9.38,18.80,0.00,33.90,0.10,Paper
55.27,11.68,19.25,0.00,33.90,0.10,Paper
37.03,10.75,18.95,0.00,34.00,0.20,Paper
54.74,13.00,20.17,0.00,34.00,0.20,Paper
59.09,13.74,20.75,0.01,34.00,0.20,Paper
49.98,12.68,20.95,0.01,34.00,0.20,Paper
104.59,13.65,34.17,0.01,34.00,0.20,Paper
293.54,15.70,40.97,0.01,34.00,0.20,Paper
420.21,13.32,41.49,0.01,34.00,0.20,Paper
299.59,12.44,45.38,0.01,34.00,0.20,Paper
223.76,11.10,44.17,0.01,34.00,0.20,Paper
173.30,11.03,42.55,0.00,34.00,0.20,Paper
128.46,10.28,37.94,0.00,34.00,0.20,Paper
109.70,11.10,39.43,0.00,34.00,0.20,Paper
138.05,12.36,37.46,0.01,34.00,0.20,Paper
102.13,12.44,35.09,0.01,34.00,0.20,Paper
78.62,11.76,36.02,0.01,34.00,0.20,Paper
84.43,10.96,35.55,0.01,34.10,0.30,Paper
79.00,10.68,34.63,0.01,34.10,0.30,Paper
63.77,10.55,31.53,0.01,34.10,0.30,Paper
43.89,10.28,27.85,0.01,34.10,0.30,Paper
32.61,9.56,26.70,0.00,34.10,0.30,Paper
33.58,9.38,26.32,0.00,34.10,0.30,Paper
40.62,9.25,27.27,0.00,34.20,0.40,Paper
37.58,9.13,29.45,0.00,34.20,0.40,Paper
38.88,8.89,27.66,0.00,34.20,0.40,Paper
32.61,8.77,25.21,0.00,34.30,0.50,Paper
25.82,8.66,23.10,0.00,34.30,0.50,Paper
24.43,8.66,23.10,0.00,34.30,0.50,Paper
22.99,8.42,21.76,0.00,34.30,0.50,Paper
19.01,8.09,20.48,0.00,34.30,0.50,Paper
15.33,7.66,19.55,0.00,34.40,0.60,Paper
15.49,7.60,19.25,0.00,34.40,0.60,Paper
14.14,7.76,17.79,0.00,34.40,0.60,Paper
11.74,7.76,17.23,0.00,34.40,0.60,Paper
10.56,7.76,17.09,0.00,34.40,0.60,Paper
11.42,7.76,16.68,0.00,34.40,0.60,Paper
9.87,7.45,16.68,0.00,34.40,0.60,Paper
11.23,7.29,18.07,0.00,34.50,0.70,Paper
11.87,6.99,18.07,0.00,34.50,0.70,Paper
10.56,6.60,17.52,0.00,34.60,0.80,Paper
8.95,6.56,16.41,0.00,34.60,0.80,Paper
8.10,6.46,16.41,0.00,34.60,0.80,Paper
11.36,6.37,18.36,0.00,34.60,0.80,Paper
14.53,6.28,19.25,0.00,34.60,0.80,Paper
11.74,6.15,18.51,0.00,34.60,0.80,Paper
15.08,6.56,18.95,0.00,34.60,0.80,Paper
19.01,7.29,19.55,0.00,34.70,0.90,Paper
22.07,7.76,19.86,0.00,34.70,0.90,Paper
22.75,8.20,20.48,0.00,34.70,0.90,Paper
31.19,9.31,21.76,0.00,34.70,0.90,Paper
27.97,9.63,21.43,0.00,34.70,1.00,Paper
29.83,9.76,21.76,0.00,34.80,1.00,Paper
37.58,10.68,23.44,0.00,34.80,1.00,Paper
42.84,11.10,23.79,0.00,34.80,1.00,Paper
0.18,4.28,4.03,0.00,32.60,0.00,Cable
0.20,4.25,4.21,0.00,32.60,0.00,Cable
0.26,4.25,4.21,0.00,32.60,0.00,Cable
0.25,4.21,4.21,0.00,32.60,0.00,Cable
0.14,4.25,3.85,0.00,32.70,0.10,Cable
0.17,4.25,4.12,0.00,32.70,0.10,Cable
0.25,4.25,4.30,0.00,32.70,0.10,Cable
0.28,4.25,3.39,0.00,32.70,0.10,Cable
0.28,4.25,4.68,0.00,32.70,0.10,Cable
0.32,4.25,4.87,0.00,32.70,0.10,Cable
0.35,4.25,4.98,0.00,32.70,0.10,Cable
0.34,4.25,4.98,0.00,32.70,0.10,Cable
0.31,4.25,5.08,0.00,32.70,0.10,Cable
0.27,4.25,5.18,0.00,32.70,0.10,Cable
0.25,4.25,5.18,0.00,32.70,0.10,Cable
0.24,4.25,5.39,0.00,32.70,0.10,Cable
0.23,4.25,5.39,0.00,32.70,0.10,Cable
0.24,4.25,5.39,0.00,32.70,0.10,Cable
0.21,4.25,5.50,0.00,32.80,0.20,Cable
0.20,4.25,5.50,0.00,32.80,0.20,Cable
0.19,4.21,5.39,0.00,32.80,0.20,Cable
0.18,4.21,5.60,0.00,32.80,0.20,Cable
0.18,4.21,5.82,0.00,32.80,0.20,Cable
0.17,4.21,6.16,0.00,32.80,0.20,Cable
0.18,4.21,6.28,0.00,32.80,0.20,Cable
0.17,4.21,6.39,0.00,32.90,0.30,Cable
0.18,4.21,6.51,0.00,32.90,0.30,Cable
0.18,4.21,6.75,0.00,32.90,0.30,Cable
0.20,4.21,6.75,0.00,32.90,0.30,Cable
0.20,4.25,6.75,0.00,32.90,0.30,Cable
0.19,4.21,6.75,0.00,32.90,0.30,Cable
0.19,4.25,6.75,0.00,32.90,0.30,Cable
0.18,4.25,6.75,0.00,32.90,0.30,Cable
0.17,4.21,6.88,0.00,32.90,0.30,Cable
0.16,4.21,7.00,0.00,32.90,0.30,Cable
0.16,4.28,7.00,0.00,32.90,0.30,Cable
0.17,4.28,7.25,0.00,32.90,0.30,Cable
0.32,4.25,7.77,0.00,32.90,0.30,Cable
0.44,4.25,8.31,0.00,32.90,0.30,Cable
0.64,4.25,8.59,0.00,32.90,0.30,Cable
0.65,4.25,8.59,0.00,33.00,0.40,Cable
0.61,4.28,8.73,0.00,33.00,0.40,Cable
0.55,4.28,8.87,0.00,33.00,0.40,Cable
0.58,4.28,9.16,0.00,33.00,0.40,Cable
0.56,4.28,9.46,0.00,33.00,0.40,Cable
0.58,4.28,9.76,0.00,33.00,0.40,Cable
0.56,4.28,9.76,0.00,33.00,0.40,Cable
0.52,4.28,9.76,0.00,33.00,0.40,Cable
0.47,4.28,9.76,0.00,33.00,0.40,Cable
0.44,4.25,9.76,0.00,33.00,0.40,Cable
0.41,4.25,9.61,0.00,33.00,0.40,Cable
0.42,4.25,9.76,0.00,33.00,0.40,Cable
0.43,4.28,10.07,0.00,33.00,0.40,Cable
0.42,4.28,10.07,0.00,33.00,0.40,Cable
0.41,4.28,10.07,0.00,33.00,0.40,Cable
0.38,4.28,10.07,0.00,33.00,0.40,Cable
0.38,4.28,10.70,0.00,33.00,0.40,Cable
0.45,4.28,11.03,0.00,33.00,0.40,Cable
0.44,4.28,11.53,0.00,33.00,0.40,Cable
0.43,4.28,11.87,0.00,33.00,0.40,Cable
0.60,4.25,12.75,0.00,33.00,0.40,Cable
0.70,4.28,13.11,0.00,33.00,0.40,Cable
0.67,4.28,13.11,0.00,33.00,0.40,Cable
0.60,4.28,13.11,0.00,33.00,0.40,Cable
0.57,4.28,13.48,0.00,33.00,0.40,Cable
0.79,4.28,14.23,0.00,33.10,0.50,Cable
0.88,4.28,14.82,0.00,33.10,0.50,Cable
1.10,4.28,15.83,0.00,33.10,0.50,Cable
1.47,4.25,17.75,0.00,33.10,0.50,Cable
1.73,4.25,19.82,0.00,33.10,0.50,Cable
1.80,4.25,21.78,0.00,33.10,0.50,Cable
1.79,4.25,23.86,0.00,33.10,0.50,Cable
2.09,4.25,24.40,0.00,33.10,0.50,Cable
1.96,4.28,24.95,0.00,33.10,0.50,Cable
1.76,4.31,25.50,0.00,33.10,0.50,Cable
1.83,4.35,24.95,0.00,33.10,0.50,Cable
1.83,4.41,25.50,0.00,33.10,0.50,Cable
2.12,4.41,27.81,0.00,33.10,0.50,Cable
2.37,4.48,28.10,0.00,33.10,0.50,Cable
2.68,4.48,28.40,0.00,33.10,0.50,Cable
2.80,4.48,27.81,0.00,33.10,0.50,Cable
2.52,4.48,26.93,0.00,33.10,0.50,Cable
2.46,4.45,26.64,0.00,33.10,0.50,Cable
2.72,4.41,26.93,0.00,33.10,0.50,Cable
2.56,4.38,26.64,0.00,33.10,0.50,Cable
2.44,4.35,26.07,0.00,33.10,0.50,Cable
2.23,4.35,26.07,0.00,33.10,0.50,Cable
2.06,4.31,25.50,0.00,33.10,0.50,Cable
1.82,4.35,24.95,0.00,33.10,0.50,Cable
1.77,4.31,24.67,0.00,33.10,0.50,Cable
1.58,4.31,24.40,0.00,33.10,0.50,Cable
1.50,4.31,23.86,0.00,33.10,0.50,Cable
1.34,4.31,23.33,0.00,33.10,0.50,Cable
1.22,4.28,22.81,0.00,33.10,0.50,Cable
1.12,4.28,22.29,0.00,33.10,0.50,Cable
1.08,4.25,21.78,0.00,33.10,0.50,Cable
1.04,4.25,21.78,0.00,33.10,0.50,Cable
1.04,4.25,21.28,0.00,33.10,0.50,Cable
0.98,4.28,21.03,0.00,33.20,0.60,Cable
0.94,4.28,20.78,0.00,33.20,0.60,Cable
0.88,4.28,20.30,0.00,33.20,0.60,Cable
0.83,4.28,19.82,0.00,33.20,0.60,Cable
0.80,4.28,19.35,0.00,33.20,0.60,Cable
0.76,4.28,18.88,0.00,33.20,0.60,Cable
0.63,4.28,17.10,0.00,33.30,0.60,Cable
1.90,5.58,6.00,0.00,32.20,0.00,Cable
3.40,5.79,7.25,0.00,32.20,0.00,Cable
3.19,5.74,7.46,0.00,32.20,0.00,Cable
2.60,5.58,7.56,0.00,32.20,0.00,Cable
2.07,5.46,7.25,0.00,32.20,0.00,Cable
1.66,5.34,7.05,0.00,32.20,0.00,Cable
1.39,5.22,6.65,0.00,32.20,0.00,Cable
1.26,5.26,6.56,0.00,32.20,0.00,Cable
1.25,5.38,6.65,0.00,32.20,0.00,Cable
1.46,5.34,6.65,0.00,32.20,0.00,Cable
1.58,5.26,6.75,0.00,32.30,0.10,Cable
1.72,5.18,6.95,0.00,32.30,0.10,Cable
1.69,5.10,7.05,0.00,32.30,0.10,Cable
1.50,5.03,6.85,0.00,32.30,0.10,Cable
1.34,4.95,6.85,0.00,32.30,0.10,Cable
1.21,4.88,6.65,0.00,32.30,0.10,Cable
1.12,4.80,6.56,0.00,32.30,0.10,Cable
1.04,4.80,6.37,0.00,32.30,0.10,Cable
0.94,4.73,6.27,0.00,32.30,0.10,Cable
0.88,4.69,6.18,0.00,32.40,0.20,Cable
0.83,4.66,6.09,0.00,32.40,0.20,Cable
0.77,4.59,6.09,0.00,32.40,0.20,Cable
0.76,4.59,6.09,0.00,32.40,0.20,Cable
0.76,4.52,6.09,0.00,32.40,0.20,Cable
0.72,4.52,5.91,0.00,32.40,0.20,Cable
0.72,4.45,5.91,0.00,32.40,0.20,Cable
0.78,4.45,5.82,0.00,32.40,0.20,Cable
0.74,4.41,5.91,0.00,32.50,0.30,Cable
0.81,4.41,6.09,0.00,32.50,0.30,Cable
1.00,4.38,6.27,0.00,32.50,0.30,Cable
1.18,4.38,6.46,0.00,32.50,0.30,Cable
1.37,4.38,6.85,0.00,32.50,0.30,Cable
1.54,4.38,7.05,0.00,32.50,0.30,Cable
1.77,4.34,7.46,0.00,32.50,0.30,Cable
2.14,4.34,7.67,0.00,32.50,0.30,Cable
2.41,4.28,7.88,0.00,32.50,0.30,Cable
2.84,4.31,8.32,0.00,32.50,0.30,Cable
3.28,4.31,8.54,0.00,32.50,0.30,Cable
3.43,4.31,9.00,0.00,32.50,0.30,Cable
3.80,4.31,9.36,0.00,32.50,0.30,Cable
4.36,4.31,10.23,0.00,32.50,0.30,Cable
5.62,4.31,10.74,0.00,32.50,0.30,Cable
6.21,4.28,11.01,0.00,32.60,0.40,Cable
6.66,4.31,11.55,0.00,32.60,0.40,Cable
7.82,4.28,12.10,0.00,32.60,0.40,Cable
8.90,4.28,12.34,0.00,32.60,0.40,Cable
9.98,4.28,12.65,0.00,32.70,0.50,Cable
10.80,4.28,12.97,0.00,32.70,0.50,Cable
12.07,4.24,13.88,0.00,32.70,0.50,Cable
15.74,4.24,15.48,0.00,32.70,0.50,Cable
26.08,4.24,17.20,0.00,32.70,0.50,Cable
34.58,4.28,18.67,0.00,32.70,0.50,Cable
38.88,4.31,19.04,0.00,32.70,0.50,Cable
38.51,4.31,18.67,0.00,32.70,0.50,Cable
35.79,4.31,18.29,0.00,32.70,0.50,Cable
32.61,4.31,18.29,0.00,32.80,0.60,Cable
35.79,4.31,19.81,0.00,32.80,0.60,Cable
49.26,4.31,21.43,0.00,32.80,0.60,Cable
67.52,4.31,23.76,0.00,32.90,0.70,Cable
97.38,4.31,26.27,0.00,32.90,0.70,Cable
114.52,4.31,28.20,0.00,32.90,0.70,Cable
110.22,4.31,27.22,0.00,32.90,0.70,Cable
95.54,4.31,27.22,0.00,32.90,0.70,Cable
91.11,4.38,26.74,0.00,32.90,0.70,Cable
105.59,4.45,26.51,0.00,32.90,0.70,Cable
123.03,4.45,26.03,0.00,32.90,0.70,Cable
109.18,4.45,25.34,0.00,32.90,0.70,Cable
90.24,4.45,24.88,0.00,33.00,0.80,Cable
76.78,4.45,24.65,0.00,33.00,0.80,Cable
67.85,4.41,24.43,0.00,33.00,0.80,Cable
61.16,4.41,23.98,0.00,33.00,0.80,Cable
55.53,4.34,23.71,0.00,33.00,0.80,Cable
49.98,4.38,22.68,0.00,33.00,0.80,Cable
45.18,4.38,22.25,0.00,33.00,0.80,Cable
41.21,4.34,21.83,0.00,33.00,0.80,Cable
37.76,4.38,21.42,0.00,33.00,0.80,Cable
34.58,4.31,21.01,0.00,33.00,0.80,Cable
31.81,4.31,20.61,0.00,33.00,0.80,Cable
29.25,4.28,20.41,0.00,33.10,0.90,Cable
27.01,4.31,20.21,0.00,33.10,0.90,Cable
27.41,4.28,20.41,0.00,33.10,0.90,Cable
25.95,4.24,20.21,0.00,33.10,0.90,Cable
23.94,4.24,20.21,0.00,33.10,0.90,Cable
22.07,4.24,19.81,0.00,33.10,0.90,Cable
20.54,4.24,19.81,0.00,33.10,0.90,Cable
20.54,4.18,19.81,0.00,33.10,0.90,Cable
21.96,4.24,20.61,0.00,33.10,0.90,Cable
22.29,4.31,20.61,0.00,33.10,0.90,Cable
20.54,4.31,20.21,0.00,33.10,0.90,Cable
18.52,4.28,19.81,0.00,33.10,0.90,Cable
16.86,4.28,19.43,0.00,33.10,0.90,Cable
15.57,4.31,19.43,0.00,33.10,0.90,Cable
14.60,4.31,19.43,0.00,33.10,0.90,Cable
13.84,4.34,19.04,0.00,33.10,0.90,Cable
13.33,4.34,19.04,0.00,33.10,0.90,Cable
12.75,4.34,18.67,0.00,33.10,0.90,Cable
13.18,4.38,18.67,0.00,33.10,0.90,Cable
13.76,4.34,18.67,0.00,33.10,0.90,Cable
13.25,4.38,18.67,0.00,33.10,0.90,Cable
12.41,4.38,18.29,0.00,33.10,0.90,Cable
11.81,4.38,18.29,0.00,33.10,0.90,Cable
11.42,4.38,18.11,0.00,33.20,1.00,Cable
11.17,4.34,17.92,0.00,33.20,1.00,Cable
10.80,4.38,17.56,0.00,33.20,1.00,Cable
10.09,4.38,17.56,0.00,33.20,1.00,Cable
9.42,4.38,17.23,0.00,33.20,1.00,Cable
8.90,4.38,17.03,0.00,33.20,1.00,Cable
8.49,4.34,16.85,0.00,33.20,1.00,Cable
8.10,4.31,16.56,0.00,33.20,1.00,Cable
7.73,4.31,16.56,0.00,33.20,1.00,Cable
7.37,4.31,26.26,0.00,33.20,1.00,Cable
7.10,4.31,15.99,0.00,33.20,1.00,Cable
6.85,4.31,15.82,0.00,33.20,1.00,Cable
6.52,4.31,15.82,0.00,33.20,1.00,Cable
